age,workclass,fnlwgt,education,education-num,marital-status,occupation,relationship,race,sex,capital-gain,capital-loss,hours-per-week,native-country,>50K/<=50K
28,Private,408473,12th,8,Never-married,Sales,Not-in-family,Black,Male,0,0,40,United-States,<=50K
45,Federal-gov,359808,Assoc-acdm,12,Never-married,Exec-managerial,Not-in-family,White,Male,0,0,40,United-States,<=50K
44,State-gov,166597,Masters,14,Married-civ-spouse,Adm-clerical,Husband,White,Male,0,0,40,United-States,>50K
26,Private,97698,Masters,14,Never-married,Exec-managerial,Not-in-family,White,Male,0,0,32,United-States,<=50K
32,Private,84179,HS-grad,9,Never-married,Handlers-cleaners,Not-in-family,White,Female,0,0,45,United-States,<=50K
38,Local-gov,414791,Bachelors,13,Married-civ-spouse,Exec-managerial,Husband,White,Male,0,0,42,United-States,>50K
21,Private,203924,Some-college,10,Never-married,Adm-clerical,Not-in-family,White,Male,2597,0,45,United-States,<=50K
61,Private,120933,Some-college,10,Never-married,Priv-house-serv,Not-in-family,White,Female,0,0,40,United-States,<=50K
41,Private,149909,Bachelors,13,Married-civ-spouse,Sales,Husband,White,Male,7688,0,50,United-States,>50K
32,Private,317809,Bachelors,13,Married-civ-spouse,Exec-managerial,Husband,White,Male,4064,0,50,United-States,<=50K
34,Private,305619,HS-grad,9,Married-civ-spouse,Craft-repair,Husband,White,Male,0,0,40,United-States,>50K
55,Private,135803,Bachelors,13,Married-civ-spouse,Exec-managerial,Husband,Other,Male,0,1579,35,India,<=50K
59,Private,189721,Bachelors,13,Married-civ-spouse,Handlers-cleaners,Husband,White,Male,0,0,40,Italy,>50K
44,Private,192381,Bachelors,13,Married-civ-spouse,Prof-specialty,Husband,White,Male,0,1848,40,United-States,>50K
47,State-gov,224149,Bachelors,13,Divorced,Exec-managerial,Not-in-family,White,Female,0,0,40,United-States,>50K
45,Federal-gov,222011,Bachelors,13,Married-civ-spouse,Handlers-cleaners,Husband,White,Male,0,0,40,United-States,<=50K
39,Private,203070,Assoc-voc,11,Married-civ-spouse,Handlers-cleaners,Husband,White,Male,0,0,49,United-States,<=50K
33,Private,48010,Some-college,10,Divorced,Exec-managerial,Unmarried,White,Female,0,0,40,United-States,<=50K
29,State-gov,201556,Bachelors,13,Never-married,Prof-specialty,Not-in-family,White,Male,0,0,50,United-States,<=50K
25,Private,237865,Some-college,10,Never-married,Other-service,Own-child,Black,Male,0,0,42,United-States,<=50K
38,Private,195744,Bachelors,13,Never-married,Other-service,Not-in-family,White,Male,0,0,48,United-States,<=50K
17,Private,263746,10th,6,Never-married,Other-service,Own-child,White,Male,0,0,24,United-States,<=50K
17,Private,340557,11th,7,Never-married,Other-service,Own-child,White,Male,0,0,25,United-States,<=50K
57,Private,173832,Bachelors,13,Married-civ-spouse,Sales,Husband,White,Male,0,1902,40,United-States,>50K
19,Private,278480,Some-college,10,Never-married,Exec-managerial,Not-in-family,White,Male,0,0,40,United-States,<=50K
62,Private,71751,Some-college,10,Married-civ-spouse,Exec-managerial,Husband,White,Male,0,1977,98,United-States,>50K
40,Private,146653,Bachelors,13,Divorced,Adm-clerical,Unmarried,White,Female,0,0,20,United-States,<=50K
35,Private,509462,Bachelors,13,Never-married,Exec-managerial,Not-in-family,White,Female,0,0,45,United-States,<=50K
42,Private,98427,HS-grad,9,Married-civ-spouse,Other-service,Wife,Black,Female,0,0,35,United-States,<=50K
17,Private,140027,11th,7,Never-married,Other-service,Own-child,White,Female,0,0,25,United-States,<=50K
68,Private,32779,HS-grad,9,Married-civ-spouse,Transport-moving,Husband,White,Male,0,419,12,United-States,<=50K
31,State-gov,63704,Bachelors,13,Never-married,Prof-specialty,Not-in-family,White,Female,0,0,40,United-States,<=50K
33,Local-gov,70164,Bachelors,13,Never-married,Prof-specialty,Not-in-family,Amer-Indian-Eskimo,Male,0,0,60,United-States,<=50K
31,Private,123397,HS-grad,9,Married-civ-spouse,Transport-moving,Wife,White,Female,5178,0,35,United-States,>50K
29,Private,122127,Bachelors,13,Never-married,Prof-specialty,Not-in-family,White,Female,8614,0,40,United-States,>50K
35,State-gov,35626,Some-college,10,Divorced,Adm-clerical,Unmarried,White,Female,0,0,15,United-States,<=50K
29,Private,49087,Bachelors,13,Never-married,Prof-specialty,Not-in-family,White,Male,0,0,50,United-States,<=50K
64,Private,254797,Some-college,10,Married-civ-spouse,Exec-managerial,Husband,White,Male,0,0,40,United-States,<=50K
66,Private,114447,Assoc-voc,11,Widowed,Prof-specialty,Not-in-family,White,Female,0,0,35,United-States,<=50K
46,Self-emp-inc,120131,Prof-school,15,Married-civ-spouse,Prof-specialty,Husband,White,Male,99999,0,60,United-States,>50K
57,Private,250201,HS-grad,9,Widowed,Transport-moving,Unmarried,White,Male,0,0,50,United-States,<=50K
44,Local-gov,357814,12th,8,Married-civ-spouse,Other-service,Other-relative,White,Female,0,0,35,Mexico,<=50K
42,Private,250536,Some-college,10,Separated,Other-service,Unmarried,Black,Female,0,0,21,Haiti,<=50K
24,Private,215443,HS-grad,9,Separated,Other-service,Not-in-family,White,Male,0,0,40,United-States,<=50K
37,Private,208106,Bachelors,13,Separated,Exec-managerial,Not-in-family,White,Male,0,0,35,United-States,<=50K
44,Private,260046,HS-grad,9,Divorced,Transport-moving,Not-in-family,White,Male,0,0,40,United-States,<=50K
23,Private,203078,Bachelors,13,Never-married,Adm-clerical,Own-child,Black,Male,0,0,24,United-States,<=50K
36,Private,189404,Bachelors,13,Married-civ-spouse,Sales,Husband,White,Male,0,1977,35,United-States,>50K
42,Private,214503,Bachelors,13,Married-civ-spouse,Prof-specialty,Husband,White,Male,0,0,44,United-States,>50K
23,Private,166371,Some-college,10,Never-married,Tech-support,Own-child,White,Male,0,0,60,United-States,<=50K
50,Self-emp-inc,167793,Prof-school,15,Married-civ-spouse,Prof-specialty,Husband,White,Male,0,2415,60,United-States,>50K
41,Private,182303,Some-college,10,Married-civ-spouse,Sales,Husband,White,Male,0,0,50,United-States,>50K
39,Private,206951,Bachelors,13,Married-civ-spouse,Prof-specialty,Husband,White,Male,0,0,40,United-States,>50K
33,Private,198211,HS-grad,9,Married-civ-spouse,Tech-support,Husband,White,Male,0,0,40,United-States,<=50K
26,Private,125089,Some-college,10,Never-married,Exec-managerial,Not-in-family,White,Male,0,0,40,United-States,<=50K
23,Private,173535,HS-grad,9,Never-married,Sales,Own-child,White,Male,0,0,40,United-States,<=50K
36,State-gov,89508,Prof-school,15,Never-married,Prof-specialty,Not-in-family,White,Male,0,0,40,United-States,<=50K
59,Federal-gov,176317,10th,6,Divorced,Other-service,Not-in-family,White,Female,0,0,37,United-States,<=50K
32,Private,97306,Bachelors,13,Never-married,Adm-clerical,Not-in-family,White,Female,0,0,48,United-States,<=50K
19,Private,306225,HS-grad,9,Never-married,Handlers-cleaners,Own-child,White,Male,0,0,25,United-States,<=50K
25,Private,353795,Some-college,10,Married-civ-spouse,Adm-clerical,Wife,Black,Female,3103,0,40,United-States,>50K
23,Private,189203,HS-grad,9,Never-married,Sales,Not-in-family,White,Male,0,0,40,United-States,<=50K
39,Private,548510,Bachelors,13,Married-civ-spouse,Prof-specialty,Husband,Black,Male,0,0,30,United-States,<=50K
30,Private,118056,Some-college,10,Married-spouse-absent,Exec-managerial,Unmarried,White,Female,0,0,45,United-States,<=50K
66,Private,269665,HS-grad,9,Widowed,Exec-managerial,Not-in-family,White,Female,0,0,25,United-States,<=50K
63,Self-emp-not-inc,196994,Bachelors,13,Married-civ-spouse,Sales,Husband,White,Male,0,0,15,United-States,<=50K
35,Private,216711,HS-grad,9,Married-civ-spouse,Craft-repair,Husband,White,Male,0,0,40,United-States,>50K
61,Self-emp-not-inc,268831,HS-grad,9,Married-civ-spouse,Sales,Husband,White,Male,0,0,53,United-States,<=50K
43,Private,188786,Some-college,10,Divorced,Transport-moving,Not-in-family,White,Male,0,0,45,United-States,<=50K
45,Private,61751,HS-grad,9,Married-civ-spouse,Other-service,Wife,White,Female,0,0,35,United-States,<=50K
26,Private,239043,11th,7,Never-married,Other-service,Not-in-family,White,Male,0,0,40,United-States,<=50K
38,Private,305597,HS-grad,9,Never-married,Transport-moving,Unmarried,White,Male,0,0,40,United-States,<=50K
35,Private,172845,Assoc-voc,11,Never-married,Other-service,Unmarried,White,Female,0,0,30,United-States,<=50K
43,Private,182437,Bachelors,13,Never-married,Prof-specialty,Not-in-family,White,Male,0,0,45,United-States,>50K
49,State-gov,247378,Some-college,10,Divorced,Prof-specialty,Not-in-family,White,Female,0,0,20,United-States,<=50K
65,Private,180280,Some-college,10,Married-civ-spouse,Exec-managerial,Wife,White,Female,0,0,40,United-States,<=50K
34,Private,227689,Assoc-voc,11,Divorced,Tech-support,Not-in-family,White,Female,0,0,64,United-States,<=50K
46,Private,155489,Assoc-acdm,12,Married-civ-spouse,Craft-repair,Husband,White,Male,0,0,44,United-States,>50K
42,Private,341204,HS-grad,9,Divorced,Craft-repair,Other-relative,White,Female,0,0,40,United-States,<=50K
53,Private,121441,Some-college,10,Married-civ-spouse,Sales,Husband,White,Male,0,0,55,United-States,<=50K
30,Local-gov,233993,Bachelors,13,Never-married,Prof-specialty,Own-child,White,Female,0,0,15,United-States,<=50K
23,Local-gov,117618,Bachelors,13,Never-married,Prof-specialty,Own-child,White,Male,0,0,24,United-States,<=50K
71,Local-gov,303860,Masters,14,Widowed,Exec-managerial,Not-in-family,White,Male,2050,0,20,United-States,<=50K
46,Private,128645,Some-college,10,Divorced,Prof-specialty,Not-in-family,White,Female,0,0,40,United-States,<=50K
57,Local-gov,190747,9th,5,Married-civ-spouse,Other-service,Husband,White,Male,0,0,40,United-States,<=50K
51,Private,177669,Some-college,10,Married-civ-spouse,Sales,Husband,White,Male,0,0,60,United-States,<=50K
37,Private,95336,10th,6,Never-married,Machine-op-inspct,Not-in-family,White,Male,0,0,65,United-States,<=50K
53,Private,152810,Masters,14,Married-civ-spouse,Exec-managerial,Husband,White,Male,0,1977,55,United-States,>50K
38,Private,185556,Some-college,10,Married-civ-spouse,Craft-repair,Husband,White,Male,0,0,40,Italy,<=50K
24,Private,267945,Bachelors,13,Never-married,Adm-clerical,Own-child,White,Female,0,0,40,United-States,<=50K
35,Private,129597,Some-college,10,Married-civ-spouse,Sales,Husband,White,Male,0,0,46,United-States,<=50K
74,Self-emp-not-inc,104001,HS-grad,9,Married-civ-spouse,Sales,Husband,White,Male,0,0,40,United-States,>50K
38,Self-emp-not-inc,233571,HS-grad,9,Separated,Other-service,Unmarried,White,Female,0,0,40,United-States,<=50K
31,Private,176185,Masters,14,Married-civ-spouse,Exec-managerial,Husband,White,Male,0,0,60,France,>50K
32,Federal-gov,44777,HS-grad,9,Separated,Machine-op-inspct,Not-in-family,Black,Male,0,0,46,United-States,<=50K
20,Private,195770,Some-college,10,Never-married,Adm-clerical,Own-child,White,Male,0,0,26,United-States,<=50K
33,Private,182401,10th,6,Never-married,Adm-clerical,Not-in-family,Black,Male,0,0,40,United-States,<=50K
33,Self-emp-not-inc,112952,Some-college,10,Never-married,Craft-repair,Own-child,White,Male,0,0,48,United-States,<=50K
79,Local-gov,84616,11th,7,Married-civ-spouse,Exec-managerial,Husband,White,Male,0,0,7,United-States,<=50K
35,Self-emp-inc,111319,Assoc-acdm,12,Married-civ-spouse,Sales,Husband,White,Male,0,1887,45,United-States,>50K
52,Local-gov,175339,Bachelors,13,Married-civ-spouse,Protective-serv,Husband,White,Male,0,0,40,United-States,>50K
52,State-gov,254285,Doctorate,16,Married-civ-spouse,Prof-specialty,Husband,White,Male,0,1887,70,Germany,>50K
34,Private,114973,HS-grad,9,Separated,Exec-managerial,Unmarried,White,Female,0,0,30,United-States,<=50K
27,Private,279580,Bachelors,13,Never-married,Sales,Not-in-family,White,Male,10520,0,45,United-States,>50K
30,Private,189759,Bachelors,13,Never-married,Sales,Not-in-family,White,Male,0,0,40,United-States,<=50K
30,Private,101345,Bachelors,13,Married-civ-spouse,Sales,Wife,White,Female,3103,0,55,United-States,>50K
31,Private,308540,Some-college,10,Married-civ-spouse,Craft-repair,Husband,White,Male,0,0,40,United-States,>50K
21,Private,176178,Some-college,10,Never-married,Sales,Own-child,White,Female,0,0,16,United-States,<=50K
58,Private,87329,11th,7,Married-civ-spouse,Adm-clerical,Husband,White,Male,0,0,48,United-States,<=50K
22,Private,374313,HS-grad,9,Married-civ-spouse,Transport-moving,Husband,White,Male,0,0,50,United-States,>50K
32,Self-emp-not-inc,203408,HS-grad,9,Married-civ-spouse,Craft-repair,Husband,White,Male,0,0,44,United-States,<=50K
25,Private,212522,HS-grad,9,Never-married,Craft-repair,Other-relative,White,Male,0,0,40,United-States,<=50K
36,Private,117073,HS-grad,9,Never-married,Craft-repair,Own-child,White,Male,0,0,40,United-States,<=50K
27,Private,706026,11th,7,Married-civ-spouse,Handlers-cleaners,Husband,White,Male,0,0,40,United-States,<=50K
37,Private,113750,Bachelors,13,Married-civ-spouse,Handlers-cleaners,Husband,White,Male,0,0,40,United-States,<=50K
40,Private,206066,HS-grad,9,Married-civ-spouse,Craft-repair,Husband,White,Male,0,0,50,United-States,<=50K
43,Private,207685,HS-grad,9,Married-civ-spouse,Machine-op-inspct,Husband,White,Male,0,0,40,United-States,<=50K
41,Private,210259,Some-college,10,Divorced,Adm-clerical,Unmarried,Black,Female,0,0,37,United-States,<=50K
40,Self-emp-inc,301007,Bachelors,13,Married-civ-spouse,Prof-specialty,Husband,White,Male,0,0,60,United-States,<=50K
44,Local-gov,177937,Doctorate,16,Married-civ-spouse,Prof-specialty,Husband,White,Male,0,0,36,United-States,>50K
50,Private,112351,HS-grad,9,Divorced,Exec-managerial,Unmarried,White,Male,0,0,38,United-States,<=50K
17,Private,108470,11th,7,Never-married,Other-service,Own-child,Black,Male,0,0,17,United-States,<=50K
55,Private,37438,Assoc-voc,11,Married-civ-spouse,Craft-repair,Husband,White,Male,0,0,40,United-States,>50K
58,Private,281792,Bachelors,13,Married-civ-spouse,Prof-specialty,Husband,White,Male,0,0,40,United-States,>50K
48,Private,101684,HS-grad,9,Married-civ-spouse,Sales,Husband,White,Male,0,0,40,United-States,<=50K
44,Private,277533,Some-college,10,Married-civ-spouse,Craft-repair,Husband,White,Male,0,0,40,United-States,<=50K
24,Private,265567,11th,7,Never-married,Craft-repair,Own-child,White,Male,0,0,35,United-States,<=50K
60,Private,51290,7th-8th,4,Divorced,Other-service,Not-in-family,White,Female,0,0,40,United-States,<=50K
31,Private,113364,Assoc-acdm,12,Married-civ-spouse,Machine-op-inspct,Husband,White,Male,0,0,55,United-States,<=50K
25,Private,222254,HS-grad,9,Never-married,Other-service,Not-in-family,Black,Female,0,0,40,United-States,<=50K
27,Federal-gov,257124,Bachelors,13,Never-married,Transport-moving,Other-relative,White,Male,0,0,35,United-States,<=50K
44,Private,68729,Some-college,10,Married-civ-spouse,Sales,Husband,Asian-Pac-Islander,Male,0,1902,40,United-States,>50K
21,Private,294789,Some-college,10,Never-married,Other-service,Not-in-family,White,Female,0,0,25,United-States,<=50K
28,Private,188064,HS-grad,9,Married-civ-spouse,Craft-repair,Husband,White,Male,0,0,35,Canada,<=50K
23,Private,378460,Some-college,10,Never-married,Prof-specialty,Own-child,White,Male,0,0,20,United-States,<=50K
71,Self-emp-inc,66624,Bachelors,13,Married-civ-spouse,Exec-managerial,Husband,White,Male,0,2392,60,United-States,>50K
23,Private,83891,HS-grad,9,Never-married,Sales,Own-child,Asian-Pac-Islander,Male,0,0,40,United-States,<=50K
21,Private,148444,Some-college,10,Never-married,Sales,Own-child,White,Female,0,0,25,United-States,<=50K
36,Private,376455,Assoc-voc,11,Divorced,Craft-repair,Not-in-family,White,Male,0,0,38,United-States,<=50K
33,Private,220362,Assoc-voc,11,Married-civ-spouse,Transport-moving,Husband,White,Male,0,0,84,United-States,>50K
38,Private,245090,HS-grad,9,Married-civ-spouse,Craft-repair,Husband,White,Male,0,0,40,Nicaragua,<=50K
20,Private,174714,Some-college,10,Never-married,Prof-specialty,Own-child,White,Male,0,0,15,United-States,<=50K
59,Local-gov,147707,HS-grad,9,Widowed,Farming-fishing,Unmarried,White,Male,0,2339,40,United-States,<=50K
49,Self-emp-not-inc,192203,9th,5,Married-civ-spouse,Craft-repair,Husband,White,Male,0,0,40,Canada,<=50K
21,Private,117606,Some-college,10,Never-married,Prof-specialty,Not-in-family,White,Female,0,0,40,United-States,<=50K
59,Private,380357,Bachelors,13,Divorced,Exec-managerial,Not-in-family,White,Male,0,0,40,United-States,<=50K
32,Self-emp-inc,377836,Assoc-voc,11,Married-civ-spouse,Exec-managerial,Husband,White,Male,0,0,40,United-States,<=50K
43,Private,173321,HS-grad,9,Divorced,Adm-clerical,Not-in-family,White,Female,0,0,40,United-States,<=50K
50,Private,138179,Assoc-acdm,12,Married-civ-spouse,Craft-repair,Husband,White,Male,0,1902,40,United-States,>50K
56,Private,247119,7th-8th,4,Widowed,Machine-op-inspct,Unmarried,Other,Female,0,0,40,Dominican-Republic,<=50K
37,Self-emp-not-inc,126675,HS-grad,9,Married-civ-spouse,Farming-fishing,Husband,White,Male,0,0,60,United-States,>50K
45,Self-emp-inc,117605,HS-grad,9,Married-civ-spouse,Exec-managerial,Husband,White,Male,0,0,48,United-States,>50K
24,Private,211585,HS-grad,9,Married-civ-spouse,Transport-moving,Own-child,White,Female,0,0,40,United-States,<=50K
66,Self-emp-inc,185369,10th,6,Married-civ-spouse,Sales,Husband,White,Male,0,0,30,United-States,<=50K
38,Private,353263,Masters,14,Never-married,Adm-clerical,Not-in-family,White,Female,0,0,50,Italy,>50K
53,Private,126386,HS-grad,9,Divorced,Machine-op-inspct,Own-child,White,Male,0,0,40,United-States,<=50K
49,Private,30219,HS-grad,9,Divorced,Craft-repair,Not-in-family,White,Male,0,1669,40,United-States,<=50K
38,Private,680390,HS-grad,9,Divorced,Adm-clerical,Unmarried,White,Female,0,0,20,United-States,<=50K
41,Private,265266,Assoc-acdm,12,Married-civ-spouse,Tech-support,Husband,White,Male,0,0,40,United-States,<=50K
24,Private,283092,11th,7,Never-married,Craft-repair,Not-in-family,Black,Male,0,0,35,Jamaica,<=50K
40,Self-emp-inc,193524,Some-college,10,Married-civ-spouse,Farming-fishing,Husband,White,Male,0,0,40,United-States,>50K
58,Private,41374,HS-grad,9,Widowed,Adm-clerical,Unmarried,Amer-Indian-Eskimo,Male,0,0,40,United-States,<=50K
37,Private,174150,Masters,14,Married-civ-spouse,Exec-managerial,Husband,White,Male,0,0,40,United-States,>50K
23,Private,315877,Bachelors,13,Never-married,Adm-clerical,Not-in-family,White,Male,0,0,30,United-States,<=50K
29,Private,106179,Bachelors,13,Never-married,Adm-clerical,Not-in-family,White,Female,0,0,35,Canada,<=50K
51,Local-gov,176813,Assoc-acdm,12,Married-civ-spouse,Prof-specialty,Husband,White,Male,0,0,60,United-States,<=50K
20,Private,163665,Some-college,10,Never-married,Transport-moving,Own-child,White,Female,0,0,17,United-States,<=50K
38,Private,186934,Some-college,10,Married-civ-spouse,Craft-repair,Husband,White,Male,0,0,45,United-States,<=50K
24,Private,169129,Some-college,10,Never-married,Prof-specialty,Not-in-family,White,Male,0,0,40,United-States,<=50K
23,Private,214542,Some-college,10,Never-married,Adm-clerical,Own-child,White,Male,0,0,20,United-States,<=50K
41,Local-gov,351350,Some-college,10,Divorced,Protective-serv,Unmarried,White,Female,0,0,40,United-States,<=50K
47,Private,214702,HS-grad,9,Divorced,Other-service,Unmarried,White,Female,0,0,37,Puerto-Rico,<=50K
23,Private,185452,Bachelors,13,Never-married,Exec-managerial,Not-in-family,White,Female,0,0,35,Canada,<=50K
42,Self-emp-not-inc,121718,HS-grad,9,Married-civ-spouse,Craft-repair,Husband,White,Male,0,0,24,United-States,<=50K
45,Self-emp-not-inc,315984,HS-grad,9,Married-civ-spouse,Craft-repair,Husband,White,Male,7688,0,50,United-States,>50K
49,Private,188330,HS-grad,9,Married-civ-spouse,Sales,Husband,White,Male,0,0,40,United-States,>50K
32,Private,242150,HS-grad,9,Never-married,Adm-clerical,Own-child,White,Male,0,0,38,United-States,<=50K
60,Private,85413,HS-grad,9,Married-civ-spouse,Transport-moving,Husband,White,Male,0,0,44,United-States,>50K
61,Private,215944,9th,5,Divorced,Sales,Not-in-family,White,Male,0,0,25,United-States,<=50K
34,Private,248754,11th,7,Never-married,Machine-op-inspct,Not-in-family,White,Male,0,0,40,United-States,<=50K
32,Private,86723,HS-grad,9,Never-married,Other-service,Not-in-family,White,Male,0,0,52,United-States,<=50K
38,Private,179579,HS-grad,9,Never-married,Prof-specialty,Not-in-family,White,Male,0,0,40,United-States,<=50K
61,State-gov,151459,10th,6,Never-married,Other-service,Not-in-family,Black,Female,0,0,38,United-States,<=50K
28,Private,339372,Some-college,10,Never-married,Sales,Not-in-family,White,Male,0,0,40,United-States,<=50K
19,Private,121240,HS-grad,9,Never-married,Other-service,Not-in-family,White,Male,0,0,30,United-States,<=50K
56,Private,161662,Bachelors,13,Married-civ-spouse,Exec-managerial,Husband,White,Male,0,0,42,United-States,>50K
29,Private,176760,Prof-school,15,Never-married,Prof-specialty,Not-in-family,Asian-Pac-Islander,Male,0,0,55,United-States,<=50K
35,Private,374524,Prof-school,15,Married-civ-spouse,Prof-specialty,Husband,White,Male,0,0,75,United-States,>50K
37,Private,118486,Bachelors,13,Separated,Prof-specialty,Unmarried,White,Female,4934,0,32,United-States,>50K
50,Private,121685,Some-college,10,Married-civ-spouse,Sales,Husband,White,Male,0,0,45,United-States,>50K
42,Local-gov,137232,HS-grad,9,Divorced,Protective-serv,Unmarried,White,Female,0,0,50,United-States,<=50K
41,Self-emp-not-inc,174395,Doctorate,16,Married-civ-spouse,Prof-specialty,Husband,White,Male,15024,0,55,United-States,>50K
21,Private,312956,HS-grad,9,Never-married,Craft-repair,Own-child,Black,Male,0,0,40,United-States,<=50K
22,Private,364342,Assoc-voc,11,Never-married,Sales,Not-in-family,Black,Female,0,0,25,United-States,<=50K
36,Local-gov,191161,Some-college,10,Married-civ-spouse,Protective-serv,Husband,White,Male,0,0,57,United-States,>50K
36,Private,297847,HS-grad,9,Never-married,Other-service,Not-in-family,Black,Female,0,2001,40,United-States,<=50K
40,State-gov,184378,Bachelors,13,Married-civ-spouse,Adm-clerical,Husband,White,Male,0,0,40,United-States,<=50K
60,Private,191188,HS-grad,9,Married-civ-spouse,Transport-moving,Husband,White,Male,0,0,40,United-States,<=50K
38,Private,27997,Assoc-voc,11,Divorced,Craft-repair,Not-in-family,White,Male,0,0,40,United-States,<=50K
27,Private,68037,Some-college,10,Never-married,Exec-managerial,Not-in-family,White,Male,0,0,45,United-States,<=50K
33,Private,220860,HS-grad,9,Divorced,Transport-moving,Not-in-family,White,Male,0,0,45,United-States,<=50K
29,Private,133696,Bachelors,13,Never-married,Prof-specialty,Not-in-family,White,Male,8614,0,45,United-States,>50K
29,Self-emp-inc,124950,Bachelors,13,Never-married,Sales,Own-child,White,Female,0,0,40,United-States,<=50K
21,Private,194096,Some-college,10,Never-married,Other-service,Own-child,White,Female,0,0,40,United-States,<=50K
64,Self-emp-not-inc,159938,HS-grad,9,Married-civ-spouse,Craft-repair,Husband,White,Male,2635,0,24,Italy,<=50K
57,Private,78707,HS-grad,9,Never-married,Adm-clerical,Own-child,White,Female,0,0,40,United-States,<=50K
29,Private,100579,Assoc-voc,11,Divorced,Exec-managerial,Not-in-family,White,Female,0,0,40,United-States,<=50K
26,Private,236068,Some-college,10,Never-married,Sales,Other-relative,White,Female,0,0,20,United-States,<=50K
18,Private,308889,11th,7,Never-married,Adm-clerical,Other-relative,Asian-Pac-Islander,Female,0,0,20,United-States,<=50K
30,Private,131588,HS-grad,9,Never-married,Craft-repair,Not-in-family,Black,Female,0,0,45,United-States,<=50K
58,Self-emp-not-inc,234841,HS-grad,9,Married-civ-spouse,Farming-fishing,Husband,White,Male,0,0,72,United-States,<=50K
39,Federal-gov,206190,HS-grad,9,Never-married,Exec-managerial,Unmarried,White,Female,0,0,45,United-States,<=50K
27,Private,157612,Bachelors,13,Never-married,Prof-specialty,Not-in-family,White,Female,0,0,55,United-States,<=50K
36,Private,152621,Some-college,10,Married-civ-spouse,Craft-repair,Husband,White,Male,0,0,40,Canada,>50K
21,Private,149637,Some-college,10,Never-married,Adm-clerical,Not-in-family,White,Female,0,0,25,United-States,<=50K
17,Private,297246,11th,7,Never-married,Priv-house-serv,Own-child,White,Female,0,0,9,United-States,<=50K
42,Private,138662,Some-college,10,Separated,Adm-clerical,Own-child,White,Female,0,0,40,United-States,<=50K
34,State-gov,221966,Bachelors,13,Never-married,Prof-specialty,Not-in-family,White,Male,0,0,45,United-States,<=50K
61,Local-gov,167670,Bachelors,13,Married-spouse-absent,Prof-specialty,Not-in-family,White,Male,0,0,40,United-States,<=50K
23,Private,246965,Assoc-acdm,12,Never-married,Adm-clerical,Not-in-family,White,Male,0,0,12,United-States,<=50K
48,Private,191858,Some-college,10,Married-civ-spouse,Craft-repair,Husband,White,Male,0,0,40,United-States,<=50K
29,Private,490332,Some-college,10,Married-civ-spouse,Transport-moving,Husband,White,Male,0,0,45,United-States,>50K
34,Private,140092,HS-grad,9,Never-married,Tech-support,Not-in-family,White,Male,0,0,40,United-States,<=50K
46,Local-gov,162566,Masters,14,Divorced,Prof-specialty,Unmarried,White,Female,0,0,50,Canada,<=50K
43,Self-emp-inc,130126,Some-college,10,Married-civ-spouse,Exec-managerial,Husband,White,Male,15024,0,45,United-States,>50K
41,Local-gov,112763,Masters,14,Divorced,Prof-specialty,Unmarried,White,Female,7430,0,36,United-States,>50K
52,Self-emp-not-inc,237868,Some-college,10,Never-married,Adm-clerical,Unmarried,White,Male,0,0,5,United-States,<=50K
33,Private,201988,Masters,14,Married-civ-spouse,Prof-specialty,Husband,White,Male,0,0,45,United-States,<=50K
22,Private,184975,HS-grad,9,Married-spouse-absent,Other-service,Own-child,White,Female,0,0,3,United-States,<=50K
36,Self-emp-not-inc,224886,Bachelors,13,Married-civ-spouse,Exec-managerial,Husband,White,Male,2407,0,40,United-States,<=50K
34,Private,173524,HS-grad,9,Separated,Adm-clerical,Unmarried,White,Female,0,0,40,United-States,<=50K
49,Self-emp-not-inc,249585,11th,7,Married-civ-spouse,Exec-managerial,Husband,White,Male,0,0,65,United-States,<=50K
38,Self-emp-not-inc,114835,Bachelors,13,Married-civ-spouse,Sales,Wife,White,Female,0,0,60,United-States,>50K
18,Private,169745,7th-8th,4,Never-married,Other-service,Own-child,White,Female,0,0,40,United-States,<=50K
20,Private,217467,Some-college,10,Never-married,Craft-repair,Own-child,White,Male,0,0,40,United-States,<=50K
62,Self-emp-not-inc,204085,Some-college,10,Married-civ-spouse,Sales,Husband,White,Male,0,0,25,United-States,<=50K
42,Private,274198,5th-6th,3,Married-civ-spouse,Machine-op-inspct,Wife,White,Female,0,0,38,Mexico,<=50K
23,Private,239375,Bachelors,13,Never-married,Machine-op-inspct,Own-child,White,Male,0,0,40,United-States,<=50K
26,Private,49092,HS-grad,9,Married-civ-spouse,Craft-repair,Husband,White,Male,0,0,40,United-States,<=50K
28,Private,47907,Bachelors,13,Never-married,Adm-clerical,Not-in-family,White,Female,0,0,40,United-States,<=50K
37,Private,195148,HS-grad,9,Married-civ-spouse,Craft-repair,Own-child,White,Male,3137,0,40,United-States,<=50K
51,Private,209912,Bachelors,13,Divorced,Exec-managerial,Not-in-family,Amer-Indian-Eskimo,Male,0,0,50,United-States,<=50K
56,Private,204049,Some-college,10,Married-civ-spouse,Sales,Husband,White,Male,0,1848,50,United-States,>50K
34,Private,176117,Some-college,10,Never-married,Sales,Own-child,Black,Female,0,0,35,United-States,<=50K
37,Private,333651,HS-grad,9,Never-married,Adm-clerical,Not-in-family,White,Male,0,0,42,United-States,<=50K
17,Private,197850,11th,7,Never-married,Adm-clerical,Own-child,Asian-Pac-Islander,Female,0,0,24,United-States,<=50K
39,Private,187046,HS-grad,9,Married-civ-spouse,Sales,Husband,White,Male,4064,0,38,United-States,<=50K
36,Local-gov,150309,Assoc-voc,11,Married-civ-spouse,Transport-moving,Husband,Amer-Indian-Eskimo,Male,0,0,40,United-States,<=50K
62,State-gov,101475,Assoc-acdm,12,Widowed,Prof-specialty,Not-in-family,White,Female,0,0,40,United-States,<=50K
43,Private,323713,HS-grad,9,Married-civ-spouse,Machine-op-inspct,Husband,White,Male,0,0,40,United-States,<=50K
54,Private,82566,Assoc-acdm,12,Married-civ-spouse,Sales,Husband,White,Male,0,0,45,United-States,<=50K
33,Self-emp-not-inc,249249,5th-6th,3,Married-civ-spouse,Craft-repair,Husband,White,Male,0,0,50,United-States,>50K
48,Private,25468,Masters,14,Divorced,Exec-managerial,Not-in-family,White,Male,99999,0,50,United-States,>50K
19,Private,321817,11th,7,Never-married,Other-service,Own-child,White,Female,0,0,40,United-States,<=50K
38,Private,186934,HS-grad,9,Married-civ-spouse,Machine-op-inspct,Husband,White,Male,0,0,40,United-States,<=50K
46,Federal-gov,344415,Masters,14,Married-civ-spouse,Armed-Forces,Husband,White,Male,0,1887,40,United-States,>50K
36,Private,167482,10th,6,Never-married,Handlers-cleaners,Not-in-family,White,Male,0,0,40,United-States,<=50K
54,Private,177927,Masters,14,Married-civ-spouse,Prof-specialty,Husband,White,Male,0,0,60,United-States,<=50K
41,Self-emp-inc,94113,Masters,14,Married-civ-spouse,Exec-managerial,Husband,White,Male,0,0,60,United-States,>50K
47,Self-emp-not-inc,174533,Some-college,10,Married-civ-spouse,Craft-repair,Husband,White,Male,0,0,40,United-States,<=50K
18,Self-emp-inc,117372,11th,7,Never-married,Sales,Own-child,White,Male,0,0,15,United-States,<=50K
31,Private,61559,HS-grad,9,Never-married,Other-service,Not-in-family,White,Male,0,0,50,United-States,<=50K
31,Self-emp-inc,203488,Bachelors,13,Married-civ-spouse,Exec-managerial,Husband,White,Male,0,0,50,United-States,>50K
40,Self-emp-inc,157240,Masters,14,Married-civ-spouse,Exec-managerial,Wife,White,Female,15024,0,30,Iran,>50K
25,Private,98283,Bachelors,13,Never-married,Prof-specialty,Own-child,Asian-Pac-Islander,Male,0,0,40,United-States,<=50K
29,Self-emp-not-inc,337505,Some-college,10,Married-civ-spouse,Craft-repair,Husband,Asian-Pac-Islander,Male,0,0,40,South,<=50K
45,Private,386940,Bachelors,13,Divorced,Exec-managerial,Own-child,White,Male,0,1408,40,United-States,<=50K
49,Private,268090,Bachelors,13,Married-civ-spouse,Sales,Husband,White,Male,0,0,26,United-States,>50K
43,Private,260696,Bachelors,13,Divorced,Exec-managerial,Not-in-family,White,Female,0,0,40,United-States,<=50K
29,Private,95465,HS-grad,9,Never-married,Tech-support,Not-in-family,White,Male,0,0,42,United-States,<=50K
43,Private,169628,Bachelors,13,Never-married,Sales,Unmarried,Black,Female,0,0,35,United-States,>50K
35,Private,170797,Bachelors,13,Divorced,Other-service,Not-in-family,White,Female,0,0,40,United-States,<=50K
32,Private,321313,Masters,14,Never-married,Sales,Own-child,Black,Male,0,0,40,United-States,<=50K
23,Private,161708,Some-college,10,Never-married,Other-service,Own-child,White,Female,0,0,20,United-States,<=50K
64,Self-emp-inc,165667,Doctorate,16,Married-civ-spouse,Prof-specialty,Husband,White,Male,7688,0,60,Canada,>50K
42,State-gov,333530,Some-college,10,Married-civ-spouse,Exec-managerial,Wife,White,Female,0,0,40,United-States,>50K
51,Self-emp-not-inc,124963,Prof-school,15,Divorced,Prof-specialty,Not-in-family,White,Male,0,0,80,United-States,>50K
37,Private,160120,Masters,14,Never-married,Prof-specialty,Unmarried,Asian-Pac-Islander,Male,0,0,40,South,<=50K
17,Private,142457,11th,7,Never-married,Other-service,Own-child,Black,Male,0,0,20,United-States,<=50K
41,Private,297186,HS-grad,9,Married-civ-spouse,Transport-moving,Wife,White,Female,0,0,40,United-States,<=50K
45,Private,178319,Bachelors,13,Married-civ-spouse,Machine-op-inspct,Husband,White,Male,0,0,40,United-States,>50K
42,Private,179524,Bachelors,13,Separated,Other-service,Not-in-family,White,Female,0,0,50,United-States,<=50K
31,Private,206046,HS-grad,9,Divorced,Machine-op-inspct,Not-in-family,White,Male,0,0,40,United-States,<=50K
36,Self-emp-inc,116133,HS-grad,9,Married-civ-spouse,Transport-moving,Husband,White,Male,0,0,57,United-States,<=50K
29,Self-emp-not-inc,162298,Bachelors,13,Married-civ-spouse,Sales,Husband,White,Male,0,0,70,United-States,>50K
33,Private,132601,Bachelors,13,Married-civ-spouse,Sales,Husband,White,Male,0,0,55,United-States,>50K
59,Local-gov,176118,Masters,14,Divorced,Prof-specialty,Not-in-family,White,Male,0,0,40,United-States,>50K
51,Self-emp-inc,162943,Prof-school,15,Married-civ-spouse,Prof-specialty,Husband,White,Male,0,0,40,United-States,>50K
48,Private,148995,Masters,14,Married-civ-spouse,Exec-managerial,Husband,White,Male,0,0,40,United-States,>50K
42,Private,193995,Some-college,10,Divorced,Craft-repair,Not-in-family,White,Male,0,0,38,United-States,<=50K
18,Private,374969,10th,6,Never-married,Transport-moving,Not-in-family,White,Male,0,0,56,United-States,<=50K
57,Private,99364,9th,5,Married-civ-spouse,Machine-op-inspct,Husband,White,Male,0,0,40,Puerto-Rico,<=50K
24,Private,326334,Bachelors,13,Never-married,Prof-specialty,Own-child,White,Male,0,0,20,United-States,<=50K
38,Federal-gov,65706,Some-college,10,Divorced,Exec-managerial,Unmarried,White,Female,0,0,38,United-States,<=50K
45,Private,172822,HS-grad,9,Married-civ-spouse,Machine-op-inspct,Husband,White,Male,0,0,52,United-States,>50K
33,Private,188246,Bachelors,13,Married-civ-spouse,Exec-managerial,Husband,White,Male,0,0,65,United-States,>50K
28,Federal-gov,188278,Bachelors,13,Never-married,Protective-serv,Not-in-family,White,Male,0,0,50,United-States,<=50K
54,Private,200783,Some-college,10,Married-civ-spouse,Sales,Husband,White,Male,0,0,40,United-States,<=50K
26,State-gov,28366,Bachelors,13,Never-married,Prof-specialty,Not-in-family,White,Male,0,0,40,United-States,<=50K
23,Private,201664,HS-grad,9,Married-civ-spouse,Adm-clerical,Other-relative,White,Male,0,0,40,United-States,<=50K
55,Private,49996,11th,7,Never-married,Machine-op-inspct,Not-in-family,Black,Female,0,0,40,United-States,<=50K
53,Private,95864,HS-grad,9,Never-married,Adm-clerical,Other-relative,White,Male,0,0,35,United-States,<=50K
47,Self-emp-not-inc,249585,Some-college,10,Married-civ-spouse,Craft-repair,Husband,White,Male,0,0,30,United-States,<=50K
30,Private,219318,HS-grad,9,Never-married,Machine-op-inspct,Other-relative,White,Female,0,0,35,Puerto-Rico,<=50K
64,Federal-gov,271550,Some-college,10,Married-civ-spouse,Transport-moving,Husband,White,Male,0,0,40,United-States,>50K
82,Self-emp-not-inc,71438,HS-grad,9,Married-civ-spouse,Farming-fishing,Husband,White,Male,0,0,20,United-States,<=50K
62,Self-emp-not-inc,320376,HS-grad,9,Married-civ-spouse,Sales,Wife,White,Female,0,0,48,United-States,<=50K
40,Self-emp-not-inc,57233,Assoc-voc,11,Married-civ-spouse,Exec-managerial,Husband,White,Male,0,0,40,United-States,>50K
22,Private,24008,HS-grad,9,Never-married,Adm-clerical,Not-in-family,White,Male,0,0,40,United-States,<=50K
53,Private,48641,12th,8,Never-married,Other-service,Not-in-family,Other,Female,0,0,35,United-States,<=50K
42,State-gov,148316,Assoc-voc,11,Married-civ-spouse,Protective-serv,Husband,White,Male,0,0,40,United-States,>50K
52,Private,172493,HS-grad,9,Never-married,Sales,Not-in-family,White,Female,0,0,36,United-States,<=50K
24,Private,420779,HS-grad,9,Married-civ-spouse,Farming-fishing,Husband,Black,Male,0,0,35,United-States,<=50K
26,Private,187248,HS-grad,9,Married-civ-spouse,Prof-specialty,Not-in-family,Black,Male,0,0,40,United-States,<=50K
65,Private,174056,7th-8th,4,Married-civ-spouse,Machine-op-inspct,Husband,White,Male,0,0,40,United-States,<=50K
38,Private,146398,HS-grad,9,Never-married,Other-service,Unmarried,Black,Female,0,0,24,United-States,<=50K
38,Private,190776,Assoc-acdm,12,Divorced,Craft-repair,Unmarried,White,Female,0,0,40,United-States,<=50K
22,Private,191324,Some-college,10,Never-married,Protective-serv,Own-child,White,Male,0,0,25,United-States,<=50K
21,Private,190227,Some-college,10,Never-married,Adm-clerical,Own-child,White,Male,0,0,40,United-States,<=50K
53,Private,158294,Masters,14,Married-civ-spouse,Prof-specialty,Husband,White,Male,7298,0,40,United-States,>50K
34,Private,209317,HS-grad,9,Married-civ-spouse,Transport-moving,Husband,White,Male,0,0,40,Puerto-Rico,<=50K
42,Private,222011,Some-college,10,Divorced,Sales,Unmarried,White,Female,0,0,43,United-States,<=50K
36,Private,410034,Assoc-acdm,12,Married-civ-spouse,Craft-repair,Husband,White,Male,0,0,45,United-States,<=50K
29,Private,138537,Assoc-voc,11,Married-civ-spouse,Craft-repair,Husband,Asian-Pac-Islander,Male,0,0,40,Laos,<=50K
43,Self-emp-not-inc,421837,Some-college,10,Married-civ-spouse,Sales,Husband,White,Male,7298,0,50,Mexico,>50K
18,Private,311795,12th,8,Never-married,Sales,Own-child,Black,Female,0,0,20,United-States,<=50K
26,Private,262617,HS-grad,9,Married-civ-spouse,Craft-repair,Husband,White,Male,0,0,48,United-States,<=50K
60,Private,186446,7th-8th,4,Married-civ-spouse,Machine-op-inspct,Wife,White,Female,0,0,40,United-States,<=50K
26,Private,289980,5th-6th,3,Married-civ-spouse,Farming-fishing,Husband,White,Male,0,0,30,Mexico,<=50K
51,Local-gov,74784,Some-college,10,Widowed,Adm-clerical,Not-in-family,White,Female,0,0,40,United-States,<=50K
42,Self-emp-not-inc,323790,Bachelors,13,Married-civ-spouse,Exec-managerial,Husband,White,Male,0,1977,70,United-States,>50K
30,Private,221043,HS-grad,9,Married-civ-spouse,Craft-repair,Husband,White,Male,0,0,35,United-States,<=50K
37,Private,172232,HS-grad,9,Divorced,Other-service,Not-in-family,Black,Female,0,0,30,United-States,<=50K
39,Private,200153,Bachelors,13,Divorced,Adm-clerical,Not-in-family,White,Male,0,0,40,United-States,<=50K
49,Self-emp-inc,34998,Some-college,10,Married-civ-spouse,Farming-fishing,Husband,White,Male,0,0,60,United-States,<=50K
40,Self-emp-inc,102226,HS-grad,9,Married-civ-spouse,Exec-managerial,Husband,White,Male,0,0,40,United-States,<=50K
55,Private,49737,Some-college,10,Married-civ-spouse,Sales,Husband,White,Male,0,0,50,United-States,<=50K
36,Private,99872,HS-grad,9,Married-civ-spouse,Craft-repair,Husband,Asian-Pac-Islander,Male,0,0,40,India,<=50K
35,Private,35945,Bachelors,13,Married-civ-spouse,Exec-managerial,Husband,White,Male,0,0,40,United-States,>50K
20,Private,116830,HS-grad,9,Never-married,Machine-op-inspct,Not-in-family,White,Male,0,0,40,United-States,<=50K
33,Private,163110,HS-grad,9,Married-civ-spouse,Handlers-cleaners,Husband,White,Male,3781,0,40,United-States,<=50K
55,Private,226875,HS-grad,9,Married-civ-spouse,Sales,Husband,White,Male,4064,0,40,United-States,<=50K
35,Self-emp-not-inc,185621,Bachelors,13,Never-married,Prof-specialty,Own-child,White,Female,0,0,40,United-States,<=50K
40,State-gov,456110,11th,7,Divorced,Transport-moving,Unmarried,White,Female,0,0,52,United-States,<=50K
26,Private,171114,Some-college,10,Never-married,Farming-fishing,Not-in-family,White,Female,0,0,38,United-States,<=50K
19,Private,257750,Some-college,10,Never-married,Sales,Other-relative,White,Female,0,0,25,United-States,<=50K
47,Private,202322,5th-6th,3,Married-civ-spouse,Handlers-cleaners,Husband,White,Male,0,0,40,Mexico,<=50K
38,Private,149347,Some-college,10,Divorced,Sales,Not-in-family,White,Male,0,0,60,United-States,<=50K
24,Private,306779,Some-college,10,Never-married,Sales,Not-in-family,White,Male,0,0,65,United-States,<=50K
64,Self-emp-not-inc,289741,Some-college,10,Married-civ-spouse,Sales,Husband,White,Male,0,0,20,United-States,<=50K
53,Private,177705,Bachelors,13,Married-civ-spouse,Craft-repair,Husband,White,Male,0,0,44,United-States,>50K
38,Private,70995,HS-grad,9,Divorced,Prof-specialty,Not-in-family,White,Male,0,0,45,United-States,<=50K
42,Private,341178,5th-6th,3,Married-civ-spouse,Other-service,Husband,White,Male,0,0,44,Mexico,<=50K
65,Private,209831,Assoc-voc,11,Married-civ-spouse,Adm-clerical,Wife,White,Female,0,0,40,United-States,<=50K
24,Private,163665,HS-grad,9,Never-married,Other-service,Not-in-family,White,Female,2174,0,40,United-States,<=50K
40,Private,160369,Masters,14,Married-civ-spouse,Exec-managerial,Husband,White,Male,0,2415,45,United-States,>50K
45,Private,387074,Assoc-voc,11,Married-civ-spouse,Craft-repair,Husband,White,Male,0,0,40,United-States,<=50K
28,Private,113870,HS-grad,9,Never-married,Adm-clerical,Not-in-family,White,Male,0,0,40,United-States,<=50K
34,Self-emp-not-inc,288486,11th,7,Married-civ-spouse,Craft-repair,Husband,White,Male,0,0,40,United-States,<=50K
45,Self-emp-not-inc,77132,Some-college,10,Never-married,Sales,Not-in-family,White,Male,0,0,55,United-States,<=50K
40,Private,96509,Some-college,10,Married-civ-spouse,Prof-specialty,Husband,Amer-Indian-Eskimo,Male,0,0,40,United-States,>50K
23,Private,140462,HS-grad,9,Never-married,Machine-op-inspct,Own-child,White,Male,0,0,40,United-States,<=50K
49,Private,247892,Some-college,10,Married-civ-spouse,Craft-repair,Husband,Black,Male,0,0,30,United-States,<=50K
64,Private,180624,Assoc-acdm,12,Never-married,Prof-specialty,Other-relative,White,Female,0,0,30,United-States,<=50K
33,Private,83446,11th,7,Divorced,Exec-managerial,Unmarried,White,Female,0,0,40,United-States,>50K
37,Private,193855,HS-grad,9,Married-civ-spouse,Transport-moving,Husband,White,Male,0,0,45,United-States,<=50K
51,Local-gov,201560,Bachelors,13,Married-civ-spouse,Prof-specialty,Wife,White,Female,0,0,40,United-States,>50K
45,Private,127303,Some-college,10,Never-married,Machine-op-inspct,Own-child,White,Male,0,0,45,United-States,<=50K
44,Private,209174,Bachelors,13,Married-civ-spouse,Exec-managerial,Husband,White,Male,0,0,70,United-States,>50K
42,Private,341638,11th,7,Divorced,Craft-repair,Not-in-family,White,Male,0,0,40,United-States,<=50K
28,Private,410351,Some-college,10,Married-civ-spouse,Farming-fishing,Husband,White,Male,0,0,40,United-States,<=50K
58,Self-emp-inc,112945,Prof-school,15,Never-married,Prof-specialty,Not-in-family,White,Male,27828,0,40,United-States,>50K
41,Private,175642,Some-college,10,Never-married,Craft-repair,Not-in-family,White,Female,0,0,40,United-States,<=50K
39,Private,99270,Bachelors,13,Married-civ-spouse,Prof-specialty,Wife,White,Female,0,0,50,Germany,>50K
45,Private,117409,Some-college,10,Married-civ-spouse,Exec-managerial,Husband,White,Male,0,0,40,United-States,>50K
32,Private,271276,HS-grad,9,Married-civ-spouse,Transport-moving,Husband,White,Male,0,0,80,United-States,>50K
46,Local-gov,329752,11th,7,Married-civ-spouse,Transport-moving,Husband,White,Male,0,0,30,United-States,<=50K
41,Private,344624,Bachelors,13,Divorced,Exec-managerial,Not-in-family,White,Male,0,0,50,United-States,>50K
25,Federal-gov,339956,Some-college,10,Married-civ-spouse,Protective-serv,Husband,Black,Male,0,0,40,United-States,<=50K
42,Local-gov,271521,Some-college,10,Married-civ-spouse,Protective-serv,Husband,Other,Male,0,0,40,United-States,>50K
39,Private,233428,HS-grad,9,Divorced,Exec-managerial,Other-relative,White,Female,0,0,40,United-States,<=50K
31,Private,295922,Some-college,10,Never-married,Adm-clerical,Not-in-family,White,Male,0,0,40,United-States,<=50K
35,Private,376455,Some-college,10,Married-civ-spouse,Exec-managerial,Husband,White,Male,15024,0,60,United-States,>50K
48,Private,108993,HS-grad,9,Married-civ-spouse,Craft-repair,Husband,White,Male,0,0,45,United-States,>50K
33,Self-emp-not-inc,42485,11th,7,Married-civ-spouse,Exec-managerial,Husband,White,Male,0,0,70,United-States,<=50K
41,Local-gov,384236,Assoc-voc,11,Never-married,Other-service,Not-in-family,White,Male,0,0,40,United-States,<=50K
27,Private,339956,HS-grad,9,Married-civ-spouse,Transport-moving,Husband,Black,Male,0,0,60,United-States,<=50K
49,Private,170165,HS-grad,9,Divorced,Machine-op-inspct,Other-relative,White,Female,0,0,55,United-States,<=50K
49,Local-gov,98738,HS-grad,9,Married-civ-spouse,Craft-repair,Husband,White,Male,0,0,40,United-States,>50K
41,Private,99870,Bachelors,13,Married-civ-spouse,Sales,Husband,White,Male,0,0,55,United-States,<=50K
32,Private,48520,Some-college,10,Married-civ-spouse,Craft-repair,Husband,White,Male,0,0,40,United-States,<=50K
46,Private,87250,Bachelors,13,Separated,Tech-support,Unmarried,White,Female,0,0,40,United-States,<=50K
17,Private,187308,10th,6,Never-married,Other-service,Own-child,White,Female,0,0,15,United-States,<=50K
30,Private,196385,Some-college,10,Married-civ-spouse,Craft-repair,Husband,White,Male,0,0,45,United-States,>50K
43,Self-emp-not-inc,243432,HS-grad,9,Married-civ-spouse,Craft-repair,Husband,White,Male,0,0,60,United-States,<=50K
22,Private,52262,Some-college,10,Never-married,Other-service,Not-in-family,White,Male,0,0,40,United-States,<=50K
19,Private,299050,Some-college,10,Never-married,Adm-clerical,Own-child,White,Male,0,0,20,United-States,<=50K
38,Federal-gov,248919,HS-grad,9,Married-civ-spouse,Transport-moving,Husband,White,Male,0,2051,40,United-States,<=50K
20,Private,105585,Some-college,10,Never-married,Sales,Own-child,White,Male,0,0,25,United-States,<=50K
54,Private,133050,Some-college,10,Never-married,Sales,Not-in-family,Black,Male,0,0,41,United-States,<=50K
22,Private,325033,12th,8,Never-married,Protective-serv,Own-child,Black,Male,0,0,35,United-States,<=50K
33,Private,208405,Masters,14,Married-civ-spouse,Prof-specialty,Husband,White,Male,0,0,50,United-States,>50K
23,Private,217169,Bachelors,13,Never-married,Adm-clerical,Own-child,White,Female,0,0,40,United-States,<=50K
23,Private,199070,HS-grad,9,Never-married,Protective-serv,Own-child,Black,Male,0,0,16,United-States,<=50K
25,Private,248851,Bachelors,13,Never-married,Other-service,Own-child,White,Male,0,0,40,United-States,<=50K
34,Private,238246,Bachelors,13,Never-married,Prof-specialty,Not-in-family,White,Female,0,0,40,United-States,<=50K
35,Private,206951,Some-college,10,Married-civ-spouse,Sales,Husband,White,Male,0,0,40,United-States,>50K
44,Local-gov,73199,Assoc-voc,11,Divorced,Tech-support,Unmarried,Asian-Pac-Islander,Male,0,0,40,United-States,<=50K
35,Private,255191,Bachelors,13,Married-civ-spouse,Prof-specialty,Husband,White,Male,0,0,45,United-States,>50K
17,Private,171080,12th,8,Never-married,Handlers-cleaners,Own-child,White,Male,0,0,20,United-States,<=50K
34,Self-emp-inc,242984,Bachelors,13,Never-married,Exec-managerial,Not-in-family,White,Male,0,0,50,United-States,<=50K
26,Private,187891,HS-grad,9,Never-married,Adm-clerical,Not-in-family,Black,Male,0,0,40,United-States,<=50K
23,Private,176178,HS-grad,9,Never-married,Tech-support,Own-child,White,Female,0,0,40,United-States,<=50K
64,Self-emp-not-inc,213945,HS-grad,9,Married-civ-spouse,Craft-repair,Husband,White,Male,0,0,50,United-States,<=50K
19,Private,126501,11th,7,Never-married,Adm-clerical,Own-child,Amer-Indian-Eskimo,Female,0,0,15,South,<=50K
46,Self-emp-not-inc,245724,Some-college,10,Divorced,Exec-managerial,Not-in-family,White,Male,0,0,50,United-States,<=50K
35,Self-emp-not-inc,112271,Bachelors,13,Married-civ-spouse,Exec-managerial,Husband,White,Male,0,0,50,United-States,>50K
56,Private,112840,HS-grad,9,Married-civ-spouse,Exec-managerial,Husband,White,Male,0,0,55,United-States,>50K
34,Private,176992,Some-college,10,Married-civ-spouse,Machine-op-inspct,Husband,White,Male,0,0,40,United-States,<=50K
39,Private,56118,HS-grad,9,Divorced,Other-service,Unmarried,White,Female,0,0,40,United-States,<=50K
51,Local-gov,168539,Bachelors,13,Married-civ-spouse,Exec-managerial,Husband,White,Male,0,0,50,United-States,>50K
26,Private,136309,Bachelors,13,Never-married,Other-service,Not-in-family,White,Male,0,0,40,United-States,<=50K
74,Private,209454,5th-6th,3,Married-civ-spouse,Transport-moving,Husband,Black,Male,0,0,40,United-States,<=50K
20,Private,182661,Some-college,10,Never-married,Sales,Own-child,Black,Male,0,0,20,United-States,<=50K
39,Private,192251,HS-grad,9,Never-married,Adm-clerical,Own-child,White,Female,0,0,40,United-States,>50K
19,Private,258470,HS-grad,9,Never-married,Handlers-cleaners,Not-in-family,White,Male,0,0,40,United-States,<=50K
39,Private,135020,HS-grad,9,Never-married,Transport-moving,Own-child,White,Male,0,0,40,United-States,<=50K
38,State-gov,149455,HS-grad,9,Never-married,Other-service,Unmarried,Black,Female,0,0,40,United-States,<=50K
34,Private,162814,HS-grad,9,Divorced,Protective-serv,Not-in-family,Black,Male,0,0,45,United-States,<=50K
26,Private,373553,Some-college,10,Married-civ-spouse,Adm-clerical,Wife,White,Female,0,0,42,United-States,<=50K
50,Private,400630,Prof-school,15,Married-civ-spouse,Prof-specialty,Husband,White,Male,0,0,36,United-States,>50K
73,Self-emp-not-inc,241121,7th-8th,4,Married-civ-spouse,Farming-fishing,Husband,White,Male,0,0,40,United-States,<=50K
52,Private,194580,5th-6th,3,Divorced,Farming-fishing,Unmarried,White,Male,0,0,40,United-States,<=50K
57,Private,300908,Assoc-acdm,12,Divorced,Machine-op-inspct,Not-in-family,White,Male,0,0,75,United-States,<=50K
41,Local-gov,111891,7th-8th,4,Never-married,Other-service,Unmarried,Black,Female,0,0,40,United-States,<=50K
27,Private,189462,Masters,14,Never-married,Prof-specialty,Not-in-family,White,Female,0,1504,45,United-States,<=50K
43,Self-emp-not-inc,170721,Some-college,10,Married-civ-spouse,Craft-repair,Husband,White,Male,0,0,20,United-States,<=50K
43,Private,156745,Some-college,10,Married-civ-spouse,Craft-repair,Husband,Black,Male,0,0,40,United-States,<=50K
22,Private,297380,HS-grad,9,Never-married,Sales,Own-child,Black,Female,0,0,40,United-States,<=50K
47,Self-emp-not-inc,121124,5th-6th,3,Married-civ-spouse,Sales,Husband,White,Male,0,0,55,Italy,>50K
39,Private,29814,HS-grad,9,Married-civ-spouse,Craft-repair,Husband,White,Male,0,0,40,United-States,<=50K
32,Private,256609,12th,8,Married-civ-spouse,Machine-op-inspct,Husband,White,Male,0,0,40,Mexico,<=50K
24,Private,125031,HS-grad,9,Never-married,Handlers-cleaners,Other-relative,White,Male,0,0,40,United-States,<=50K
45,Private,295046,HS-grad,9,Married-civ-spouse,Sales,Husband,White,Male,0,0,60,United-States,>50K
42,Private,24364,Some-college,10,Married-civ-spouse,Other-service,Wife,Black,Female,0,0,30,United-States,<=50K
35,Private,186934,Masters,14,Separated,Prof-specialty,Not-in-family,White,Male,0,0,40,United-States,>50K
32,Private,164190,Some-college,10,Never-married,Exec-managerial,Own-child,White,Male,0,0,40,United-States,<=50K
26,Private,212304,7th-8th,4,Never-married,Machine-op-inspct,Own-child,White,Male,0,0,48,United-States,<=50K
28,Private,84547,Bachelors,13,Married-civ-spouse,Tech-support,Husband,White,Male,0,0,40,United-States,>50K
33,Private,408813,Bachelors,13,Never-married,Adm-clerical,Not-in-family,White,Female,0,0,50,United-States,<=50K
38,Private,160192,HS-grad,9,Married-civ-spouse,Craft-repair,Husband,White,Male,0,2051,44,United-States,<=50K
53,Local-gov,35305,Bachelors,13,Divorced,Prof-specialty,Unmarried,White,Female,0,0,57,United-States,<=50K
46,Local-gov,207677,Bachelors,13,Married-civ-spouse,Protective-serv,Husband,White,Male,0,0,40,United-States,>50K
42,Local-gov,159931,Bachelors,13,Married-civ-spouse,Prof-specialty,Wife,White,Female,0,0,45,United-States,>50K
27,Private,363053,9th,5,Never-married,Priv-house-serv,Unmarried,White,Female,0,0,24,Mexico,<=50K
27,Private,376936,HS-grad,9,Never-married,Craft-repair,Not-in-family,White,Male,0,0,40,United-States,<=50K
45,Private,146857,Bachelors,13,Married-civ-spouse,Exec-managerial,Husband,White,Male,0,0,38,United-States,>50K
47,Self-emp-inc,79627,Prof-school,15,Divorced,Prof-specialty,Not-in-family,White,Male,27828,0,50,United-States,>50K
39,Private,155603,Some-college,10,Never-married,Other-service,Own-child,Black,Female,0,2205,40,United-States,<=50K
58,Private,289364,Some-college,10,Married-civ-spouse,Exec-managerial,Husband,White,Male,7688,0,45,United-States,>50K
42,Private,183205,HS-grad,9,Divorced,Exec-managerial,Unmarried,White,Female,0,0,45,United-States,<=50K
18,Private,168288,HS-grad,9,Never-married,Handlers-cleaners,Own-child,White,Male,0,0,40,United-States,<=50K
50,State-gov,229272,HS-grad,9,Married-civ-spouse,Craft-repair,Husband,Black,Male,0,0,40,United-States,>50K
21,Private,234108,Some-college,10,Never-married,Handlers-cleaners,Own-child,White,Male,0,0,40,United-States,<=50K
28,Private,232782,Some-college,10,Never-married,Adm-clerical,Not-in-family,White,Female,0,0,40,United-States,<=50K
39,Private,91711,Masters,14,Married-civ-spouse,Exec-managerial,Husband,White,Male,0,0,40,United-States,>50K
38,Private,29874,Assoc-voc,11,Married-civ-spouse,Craft-repair,Husband,White,Male,0,0,40,United-States,<=50K
47,Private,120131,HS-grad,9,Married-civ-spouse,Craft-repair,Husband,White,Male,0,0,50,United-States,>50K
27,Private,105598,HS-grad,9,Never-married,Adm-clerical,Not-in-family,White,Male,0,0,40,United-States,<=50K
38,Private,172538,Bachelors,13,Married-civ-spouse,Tech-support,Husband,White,Male,0,1977,40,United-States,>50K
52,Local-gov,187830,HS-grad,9,Divorced,Tech-support,Unmarried,White,Male,4934,0,36,United-States,>50K
31,Private,219509,HS-grad,9,Married-civ-spouse,Other-service,Husband,White,Male,0,0,40,Mexico,>50K
32,Private,107793,HS-grad,9,Divorced,Other-service,Own-child,White,Male,2174,0,40,United-States,<=50K
31,Private,111567,Bachelors,13,Married-civ-spouse,Exec-managerial,Husband,White,Male,0,0,70,United-States,>50K
35,Private,233571,HS-grad,9,Divorced,Other-service,Own-child,White,Female,0,0,50,United-States,<=50K
19,Private,29250,Some-college,10,Never-married,Prof-specialty,Own-child,White,Male,0,0,10,United-States,<=50K
65,Private,255386,HS-grad,9,Never-married,Craft-repair,Other-relative,Asian-Pac-Islander,Male,0,0,40,Cambodia,<=50K
51,Local-gov,199688,Bachelors,13,Married-civ-spouse,Protective-serv,Husband,White,Male,0,0,40,United-States,>50K
30,Private,311696,11th,7,Married-civ-spouse,Other-service,Wife,Black,Female,0,0,30,United-States,<=50K
20,Private,103277,Some-college,10,Never-married,Adm-clerical,Own-child,White,Female,0,0,35,United-States,<=50K
43,Private,188436,Prof-school,15,Divorced,Exec-managerial,Not-in-family,White,Male,0,0,40,United-States,<=50K
30,Self-emp-not-inc,347166,HS-grad,9,Divorced,Craft-repair,Not-in-family,White,Male,0,0,40,United-States,<=50K
29,Private,419721,HS-grad,9,Never-married,Other-service,Unmarried,Black,Female,0,0,40,Japan,<=50K
55,Local-gov,88856,7th-8th,4,Never-married,Other-service,Unmarried,Black,Female,0,0,40,United-States,<=50K
48,Private,102597,Some-college,10,Separated,Adm-clerical,Unmarried,White,Female,0,0,44,United-States,<=50K
22,Private,206974,Bachelors,13,Never-married,Sales,Not-in-family,White,Female,0,0,40,United-States,<=50K
32,Private,164190,HS-grad,9,Married-civ-spouse,Handlers-cleaners,Husband,White,Male,0,0,30,United-States,<=50K
24,Private,172496,Masters,14,Never-married,Tech-support,Not-in-family,White,Male,0,0,50,United-States,<=50K
44,Local-gov,33068,12th,8,Married-civ-spouse,Craft-repair,Husband,White,Male,0,0,55,United-States,<=50K
34,Private,36069,HS-grad,9,Married-civ-spouse,Craft-repair,Husband,White,Male,3908,0,46,United-States,<=50K
46,Private,165937,Assoc-voc,11,Divorced,Machine-op-inspct,Unmarried,White,Male,0,0,40,United-States,<=50K
25,Private,280093,11th,7,Married-spouse-absent,Handlers-cleaners,Not-in-family,White,Male,0,0,40,Mexico,<=50K
29,Private,133420,Some-college,10,Married-civ-spouse,Craft-repair,Husband,White,Male,5013,0,40,United-States,<=50K
21,Private,370990,Some-college,10,Never-married,Sales,Own-child,White,Male,0,0,40,United-States,<=50K
60,Private,160339,Some-college,10,Married-civ-spouse,Craft-repair,Husband,White,Male,0,0,40,Columbia,<=50K
40,Private,225193,HS-grad,9,Married-civ-spouse,Handlers-cleaners,Husband,White,Male,0,0,63,United-States,<=50K
18,Private,101795,10th,6,Never-married,Handlers-cleaners,Own-child,White,Male,0,0,40,United-States,<=50K
40,Private,165309,Some-college,10,Married-civ-spouse,Transport-moving,Husband,White,Male,0,0,43,United-States,<=50K
26,Self-emp-not-inc,31143,HS-grad,9,Married-civ-spouse,Exec-managerial,Husband,White,Male,0,0,45,United-States,<=50K
36,Private,218542,HS-grad,9,Separated,Adm-clerical,Unmarried,Black,Female,0,0,40,United-States,<=50K